{"name":"file builder","target":"ABA_Mouse_CCFv3_2017_25um.cutlas","target-resolution":[456.0, 528.0, 320.0],"slices":[
{"filename":"ADY 24 2-1.png","nr":24,"width":761,"height":444,"anchoring":[437.0463969103653, 211.74177845705992, 320.3937635236259, -418.661772429943, 16.511556390672922, -3.269173520617187, 0.9481327300509085, -33.58866132823558, -291.0668396367924],"markers":[[118.96966666666674, 404.16685714285717, 119.73066666666666, 422.43428571428564], [80.81484844559593, 394.80046188008896, 81.427, 418.88228571428573], [104.81782391304348, 73.59258633540375, 99.43733333333331, 60.1302857142857], [639.5379776049035, 415.3790907253991, 668.6653333333333, 421.6731428571429], [699.6396771889541, 388.624133262896, 726.2476666666666, 403.15199999999993], [719.5438928572067, 123.28483331304116, 714.3253333333333, 101.48571428571427], [380.00827241209504, 39.72418831701037, 395.9736666666666, 40.59428571428572], [583.1336702655309, 37.25707579402041, 595.6093333333334, 24.10285714285714], [416.51620206102365, 9.087916750815552, 442.90200000000004, 8.37257142857143], [180.4038651139894, 36.10961712316454, 182.64000000000001, 21.819428571428567], [530.6902220784746, 367.09890810352545, 545.8906666666667, 371.6914285714285], [559.9112848401813, 394.7300470578987, 574.8086666666668, 404.16685714285717], [543.6947786296544, 378.2308663824734, 555.0226666666669, 388.1828571428571], [446.06277949896895, 355.89003547827616, 444.17033333333336, 371.43771428571426], [268.9583481908245, 358.31078249482226, 282.07733333333334, 366.10971428571435], [564.8847578981478, 192.6074494982554, 546.1443333333332, 198.15085714285715], [461.45142100910283, 141.0150871695538, 464.971, 138.02057142857143], [428.3063954459227, 113.26079490596251, 453.80966666666677, 114.93257142857142], [420.20402366894365, 99.23034102254373, 462.43433333333326, 109.09714285714286], [445.93912581804875, 115.51158558250242, 470.04433333333327, 115.94742857142859], [517.0747058369961, 85.7750434095995, 533.9683333333335, 99.96342857142858], [420.2496448099453, 107.6923210998168, 459.13666666666666, 110.87314285714285], [331.51068468004075, 112.44311879085132, 339.406, 109.8582857142857], [660.9320303679345, 198.50447814636277, 678.5583333333332, 191.30057142857146], [421.05525039895963, 107.90216919438306, 453.04866666666675, 110.87314285714285]]}]}