{"name":"file builder","target":"ABA_Mouse_CCFv3_2017_25um.cutlas","target-resolution":[456.0, 528.0, 320.0],"slices":[
{"filename":"ADY23 3-1.png","nr":23,"width":739,"height":470,"anchoring":[439.2587747937612, 200.31535785810166, 318.4174707740733, -430.83324879407877, 11.850977826863527, 1.805065828375518, -1.1207668912752882, 5.550694675229939, -303.9472532270852],"markers":[[95.42324246771875, 430.2593010146563, 85.88091822094692, 438.2074408117249], [19.58171050639814, 271.1474225130527, 23.06061692969871, 263.6133032694476], [258.91419093558955, 387.56085544623227, 258.4379483500718, 383.89515219842167], [129.9950740818177, 56.51012998024494, 125.6406025824964, 52.72266065388952], [362.11698114053956, 42.54162925440069, 355.98170731707324, 58.551296505073275], [242.90700508432428, 16.470271338962732, 233.52187948350073, 15.631341600901916], [303.26358031709344, 111.17432150757509, 321.7883787661406, 124.25591882750845], [392.68206018124164, 134.6862793576104, 389.644906743185, 151.80947012401353], [560.8553790788773, 42.102378516992445, 572.2743902439024, 39.210822998872594], [685.8048988726342, 351.4534067981215, 683.601506456241, 353.16234498308904], [414.68126249469935, 114.60246437527398, 402.3680057388809, 129.28974069898536], [172.4743466243998, 250.5869369950559, 174.1474175035868, 248.7767756482525], [211.8588784142375, 295.30649609870716, 190.84648493543756, 293.55129650507325], [543.4135656781614, 217.69712310802657, 529.3339311334289, 221.48816234498307]]}]}