{"name":"file builder","target":"ABA_Mouse_CCFv3_2017_25um.cutlas","target-resolution":[456.0, 528.0, 320.0],"slices":[
{"filename":"WTY26 3-3.png","nr":26,"width":721,"height":453,"anchoring":[440.75030072045837, 186.968007673157, 316.2849168890971, -426.8274664282799, -8.510005589574575, 8.654266078025104, -7.0313099001922215, 37.790274013363586, -309.62310646881815],"markers":[[112.41672572643517, 425.42164599774514, 98.36463501063076, 440.48759864712514], [99.80269389287224, 71.34118162496691, 100.66406803685328, 55.15670800450958], [353.8224064470668, 45.74894869814153, 335.20623671155204, 43.410372040586246], [680.7927835253018, 148.44850859821616, 695.4507441530831, 139.67925591882752], [561.4536911654717, 431.89475489148106, 599.3855421686746, 437.9340473506201], [537.4318565254457, 38.86017785123205, 533.4684620836287, 27.322998872604288], [364.29562177781514, 54.7626350403325, 344.4039688164423, 52.09244644870349], [261.7228890883484, 103.44527440165626, 278.4868887313961, 100.35456595264937], [97.965253888436, 166.4551483224197, 85.59000708717224, 156.02198421645994], [5.65828685566531, 244.29342741046142, 10.219702338766831, 240.2891770011274], [435.8014809058087, 66.10317895514476, 411.34301913536507, 60.77452085682074], [451.7577857417208, 105.79091896538424, 411.59851169383415, 92.94926719278467], [563.3421883713376, 124.24144004455385, 577.9241672572643, 116.18658399098084], [608.1685428547781, 124.35466114568715, 618.0364989369242, 123.08117249154456], [627.2141772056342, 121.9069245850014, 629.0226789510984, 121.29368658399096], [626.3937878488821, 121.07200191047652, 629.5336640680372, 121.0383314543405], [633.402170371499, 241.03366297595488, 634.3880226789512, 234.67136414881622], [541.8540731523244, 226.22167928059446, 556.2072997873847, 221.64825253664037], [355.577949725795, 137.4029361778786, 343.38199858256553, 164.70405862457721], [373.1000657005314, 98.58010062830881, 362.5439404677533, 128.4436302142052], [336.224052394833, 100.10230706172172, 310.16796598157333, 125.89007891770012], [212.05378434443446, 327.35396165166094, 202.86109142452165, 331.70631341600904], [484.77768736653104, 334.79282800745995, 500.5099220411056, 334.5152198421646], [632.4952097205087, 92.93078097249594, 637.453933380581, 82.99041713641488], [682.0946037236369, 314.548788219141, 689.0634301913535, 314.0868094701241], [343.46061439089925, 85.60484600580159, 331.11835577604535, 105.97237880496056], [370.9922268921574, 81.55290314269561, 347.21438695960313, 82.73506200676438], [371.48840032777593, 32.95540338061089, 355.6456413890858, 22.21589627959414]]}]}