{"name":"file builder","target":"ABA_Mouse_CCFv3_2017_25um.cutlas","target-resolution":[456.0, 528.0, 320.0],"slices":[
{"filename":"WTO2 3-1.png","nr":2,"width":755,"height":442,"anchoring":[454.4910395145416, 201.1507701913779, 327.53151619914354, -448.00000000000006, 0.0, 0.0, 0.0, 0.0, -320.0],"markers":[[41.525000000000006, 270.08314350797264, 14.848333333333336, 252.96697038724375], [147.72757284696738, 396.4972771348654, 92.61333333333332, 406.25740318906605], [647.4648268273249, 392.5657729060635, 651.3133333333335, 416.57744874715263], [717.6454480016793, 256.7884422596983, 714.7333333333332, 271.59339407744875], [208.84133656636737, 55.50572023205052, 203.85000000000002, 58.39635535307517], [440.03112246023085, 18.80531080400977, 444.69500000000005, 16.612756264236904], [380.0147307593827, 147.7347954903351, 366.4266666666667, 181.2300683371298], [481.4044541684175, 104.28065017437723, 464.8283333333333, 96.40432801822324], [287.61610430308605, 106.34097757170039, 297.72166666666675, 100.9350797266515], [111.59991080005688, 199.51859838732463, 86.57333333333332, 186.2642369020501], [71.96647931616323, 118.16541487891023, 41.02166666666667, 101.69020501138951], [233.75607405427397, 271.8207380717245, 191.51833333333337, 284.93394077448744], [249.6379460414529, 177.97799001467143, 222.22166666666666, 170.40660592255125], [532.9779265894141, 184.6962237981203, 542.8449999999999, 192.80865603644648], [476.07862709316277, 142.12150486536825, 454.51, 157.8211845102506], [528.8792253978016, 361.4829634762411, 527.2416666666667, 375.8006833712984], [575.8805036388687, 399.3791870530508, 611.55, 423.37357630979494], [603.4217941191679, 327.13527290316983, 606.5166666666665, 361.20159453302955], [551.1636843761673, 344.0476172187593, 554.4216666666666, 371.7733485193621], [379.186739583861, 365.8549950453445, 353.84333333333325, 359.6913439635536]]}]}