{"name":"fike builder","target":"ABA_Mouse_CCFv3_2017_25um.cutlas","target-resolution":[456.0, 528.0, 320.0],"slices":[
{"filename":"WTY21 2-3.png","nr":21,"width":773,"height":447,"anchoring":[441.30708050727833, 210.9287996292104, 323.29228026390075, -428.00000000000006, 0.0, 0.0, 0.0, 0.0, -311.0],"markers":[[110.02366666666671, 412.1989619377163, 81.68033333333334, 426.63494809688575], [17.42444732576986, 252.80565354180578, 17.521333333333335, 245.92733564013844], [190.6464005013568, 38.002032836616934, 179.336, 34.02768166089966], [631.6119249602774, 417.14080686253936, 652.412, 414.2612456747405], [608.5614356808604, 50.66962529060923, 615.3079999999999, 41.503460207612456], [746.3662143365901, 263.79414698626283, 748.264, 261.1366782006921], [590.5074763146499, 216.8149113712244, 578.977, 213.18858131487892], [622.1522875906256, 318.20336825688037, 641.0746666666666, 328.16089965397924], [178.55840441522832, 243.75153657234048, 174.698, 249.5363321799308]]}]}