{"name":"file builder","target":"ABA_Mouse_CCFv3_2017_25um.cutlas","target-resolution":[456.0, 528.0, 320.0],"slices":[
{"filename":"WTY13 2-3.png","nr":13,"width":740,"height":484,"anchoring":[455.397108503294, 204.84135162400003, 315.5219636400783, -432.9340842962265, 0.0, 7.556891696527601, -5.322983758524062, 0.0, -304.95356976985937],"markers":[[34.380530973451314, 263.2807215332582, 9.823008849557525, 258.369785794814], [388.3160733905675, 42.07722119215181, 385.8259587020649, 52.11048478015783], [254.01088641411735, 20.55635868807878, 244.75663716814157, 21.826381059751974], [600.9952720024685, 53.092271454522134, 605.7522123893805, 55.657271702367524], [641.912429884222, 461.4665396125909, 658.141592920354, 476.3607666290868], [152.35222736582642, 123.64784863626542, 130.15486725663715, 118.95377677564827], [127.11365880278753, 328.3188462079265, 94.13716814159291, 325.48590755355127], [385.1162191380037, 166.32956551423453, 371.09144542772856, 162.8793686583991], [558.2461913984529, 228.19404850392667, 536.991150442478, 246.36527621195037], [625.5377467193897, 346.77653107645364, 644.4985250737462, 370.77564825253666], [583.3583805259216, 372.10805700229366, 583.9233038348083, 400.2412626832018], [474.6856590649282, 390.45622266260705, 477.50737463126836, 400.5140924464487], [724.1376055671012, 169.98855606924, 720.0811209439528, 178.7034949267193]]}]}