{"name":"file builder","target":"ABA_Mouse_CCFv3_2017_25um.cutlas","target-resolution":[456.0, 528.0, 320.0],"slices":[
{"filename":"WTO1 3-1.png","nr":1,"width":755,"height":484,"anchoring":[441.1061919095291, 178.6165382216061, 322.30447603601135, -430.3281655311585, 22.589207336306572, 8.269877828657629, -5.452878594644197, 10.265230682981805, -311.7834048062086],"markers":[[615.5187997107737, 453.7158962795941, 635.4446854663775, 462.1736189402481], [371.2514735450416, 60.90961640713188, 385.1428054953, 58.38556933483652], [151.79368048457738, 58.30557957067171, 151.21836587129428, 49.65501691093574], [162.74595813760786, 437.08975027640355, 156.9504699927693, 434.3449830890643], [561.5617681132055, 252.86660878790119, 564.4757772957339, 254.82299887260427], [642.9662195872505, 318.9379283215462, 654.2787418655099, 321.66629086809473], [470.0744991955887, 125.39019625790638, 468.1218365871294, 121.68207440811726], [371.40522905303027, 146.4880768903967, 382.9591467823572, 199.43855693348365], [268.9133936606769, 118.93118910913601, 315.26572668112806, 117.58962795941378], [583.2200287431456, 137.66496531077962, 589.3148951554591, 126.32018038331458], [526.6003870827369, 334.46372630211965, 521.348517715112, 347.3122886133032], [195.87206661400884, 295.1054546237584, 191.07013738250177, 291.9278466741826]]}]}