{"name":"file builder","target":"ABA_Mouse_CCFv3_2017_25um.cutlas","target-resolution":[456.0, 528.0, 320.0],"slices":[
{"filename":"ADO1 2-1.png","nr":1,"width":722,"height":449,"anchoring":[437.7933396058571, 170.97522281685724, 313.05495831869257, -417.8448116183281, 29.25825507193804, 10.51891910471022, -6.674986709005364, 14.181380011123592, -304.5969805188452],"markers":[[590.1058906030855, 422.1713641488162, 591.118513323983, 424.95546786922216], [627.7597527206915, 412.05479660359003, 630.3576437587657, 422.42446448703487], [63.082082532162204, 371.23571799772253, 63.28892005610098, 375.3478015783541], [568.1390032979424, 45.27365703023902, 571.8786816269284, 40.74915445321309], [250.52766119272974, 98.72403407969327, 269.35764375876573, 101.24013528748591], [112.60416930423014, 140.67331044336368, 111.89481065918653, 137.93968432919954], [194.57037762939353, 101.28209193332623, 207.08134642356242, 97.44363021420517], [451.9003289960623, 102.41814058250539, 451.12342215988787, 105.79594137542276], [446.06610581453407, 80.70142917193758, 440.9971949509116, 81.24520856820743], [628.9574154942308, 190.72255563024095, 640.9901823281908, 190.83765501691096], [568.421455967694, 118.80221617366777, 577.4481065918653, 116.42615558060879], [440.7304507785471, 10.366006111322605, 436.69354838709677, 15.692220969560314], [355.4563220533248, 43.3164457486415, 353.6584852734923, 44.798759864712515], [9.294007706921434, 280.4890565116836, 15.695652173913041, 296.1273957158962], [521.2775917101253, 291.3822157880577, 515.171809256662, 291.06538895152204]]}]}