{"name":"file builder","target":"ABA_Mouse_CCFv3_2017_25um.cutlas","target-resolution":[456.0, 528.0, 320.0],"slices":[
{"filename":"ADY22 3-1.png","nr":22,"width":758,"height":454,"anchoring":[442.95076058125494, 205.4856085777284, 326.0138211429119, -431.0, 0.0, 0.0, 0.0, 0.0, -308.0],"markers":[[71.19054054054054, 391.04396843292, 56.85000000000001, 403.8399098083427], [18.126387874360844, 261.56188706019594, 16.38918918918919, 256.6865839909808], [110.074231779152, 83.16824547827935, 97.82297297297298, 77.54340473506203], [380.27525797990694, 43.192240177009765, 379.76824324324326, 43.50620067643742], [617.9089214523639, 65.87760309136263, 622.533108108108, 50.160090191657275], [541.3848690358955, 37.768023128042664, 544.1722972972973, 24.824126268320185], [378.8407196849403, 96.67901376082335, 378.23175675675674, 124.88838782412627], [379.0534968827955, 50.827651318010815, 380.28040540540536, 73.96054114994362], [346.7391046528998, 23.647202045430497, 342.6364864864865, 25.591882750845546], [407.3718828837255, 25.700043737241874, 407.425, 26.87147688838782], [441.06730015560277, 117.90914742632651, 423.55810810810806, 106.97406989853437], [315.6490430445095, 117.59871472764053, 333.6736486486486, 105.1826381059752], [567.043070389344, 273.25585186644423, 546.9891891891891, 297.63359639233374], [270.44688701464577, 156.12650884195168, 257.6175675675676, 175.81623449830892], [233.54658474302613, 187.57223952004298, 221.25405405405405, 204.99098083427282], [466.896390220447, 149.9187563039266, 482.96891891891886, 177.09582863585115], [496.6572917989901, 177.40011758252967, 520.3567567567568, 193.4746335963923], [263.5380680462615, 175.4714137555891, 242.50878378378377, 191.42728297632465], [362.14088998664084, 150.35962647372153, 358.00135135135133, 185.79706877113867], [320.28388393392214, 142.69407661337056, 317.2844594594594, 171.72153325817365], [473.0004280507671, 109.54767607410606, 457.1047297297298, 82.40586245772266], [618.8572052913315, 149.6776634509836, 615.3628378378378, 138.9639233370913], [704.8413120236846, 354.7031626067344, 709.6006756756757, 364.1724915445322], [529.5486985864749, 387.07963793788974, 525.2222972972974, 390.02029312288613]]}]}