{"name":"file builder","target":"ABA_Mouse_CCFv3_2017_25um.cutlas","target-resolution":[456.0, 528.0, 320.0],"slices":[
{"filename":"WTO3 2-1.png","nr":3,"width":742,"height":437,"anchoring":[443.460359284599, 138.49111305649555, 296.7885990697189, -423.8501816987993, 23.97259380668403, 20.0335193425417, -10.496211446711099, 55.52993482151675, -288.51733944476524],"markers":[[110.80533333333335, 380.33352208380524, 99.92266666666667, 389.4892412231031], [529.7552044198895, 396.411741426453, 537.7026666666668, 387.7570781426954], [372.0782214685055, 60.951484282752574, 379.904, 82.40147225368065], [330.6909899544256, 19.05803296077155, 357.1493333333333, 26.229898074745186], [175.0487886100036, 27.27291480945133, 158.2933333333333, 22.27066817667044], [427.4369648007694, 13.572934445699822, 410.0786666666667, 21.033408833522085], [417.2411674814884, 47.34799554599175, 418.24066666666664, 69.28652321630804], [565.3995576596039, 32.47853795000521, 567.6300000000001, 37.61268403171008], [546.0986075050325, 192.78339343671053, 540.6706666666666, 191.77519818799547], [635.8009596426147, 300.50545637509913, 648.5080000000002, 308.81993204983013], [528.9548804596386, 111.49397602491439, 514.7006666666665, 100.21800679501699], [565.5559932595494, 343.36390912015486, 585.9326666666668, 360.0424688561721], [715.6235438715462, 257.91092847884187, 711.5780000000001, 263.2887882219705], [661.5079832689012, 391.7578473234165, 663.348, 400.1296715741789], [25.660833333333343, 213.31054064140844, 23.496666666666666, 230.37768969422424]]}]}