{"name":"file builder","target":"ABA_Mouse_CCFv3_2017_25um.cutlas","target-resolution":[456.0, 528.0, 320.0],"slices":[
{"filename":"ADO3 2-1.png","nr":3,"width":759,"height":456,"anchoring":[455.62205144017935, 194.05561110377312, 301.94421478553545, -431.3523654937744, 0.0, 37.738437339663506, -25.79810035228729, 0.0, -294.87367248535156],"markers":[[608.3313008130083, 443.9188275084555, 655.1260162601627, 435.9503945885006], [735.6789821352158, 210.92591049458434, 738.4308943089429, 207.43630214205186], [109.21209784234873, 403.14788995551953, 93.07520325203251, 400.47801578353995], [395.13500407110433, 54.83182233300774, 393.8983739837399, 65.03269447576099], [298.86815987975996, 105.37279101997666, 314.1930894308943, 111.04396843291995], [142.7222282753097, 114.9647642828231, 138.58434959349592, 111.55806087936867]]}]}