{"name":"file builder","target":"ABA_Mouse_CCFv3_2017_25um.cutlas","target-resolution":[456.0, 528.0, 320.0],"slices":[
{"filename":"ADO2 3-1.png","nr":2,"width":727,"height":454,"anchoring":[451.80768340551253, 189.64115094706838, 298.7961777111532, -426.0475318431854, 9.400256603956224, 39.73856258392334, -28.824539819824817, 10.402899653903134, -311.4962688140033],"markers":[[104.69823943661972, 382.8545659526494, 98.81056338028169, 392.8354002254791], [235.42355232564125, 344.3448579143756, 241.1387323943662, 340.3720405862457], [578.075382375378, 425.8737755187383, 586.2077464788732, 439.66854565952644], [423.5426985162248, 360.5370785810759, 428.2644366197183, 356.23900789177], [358.0451495572588, 372.128907638162, 355.0524647887324, 365.7080045095829], [123.03135445394084, 48.55865819695114, 101.62640845070423, 44.01803833145434], [377.35477163786123, 40.84847398568931, 375.531338028169, 42.73844419391206], [696.7052997297478, 168.96468192714264, 705.4971830985917, 160.97294250281846], [672.5383291759026, 343.3658091526628, 669.4031690140844, 343.18714768883876], [366.31701171427187, 137.89727529989148, 360.4281690140845, 167.6268320180383]]}]}